<?xml version="1.0" encoding="UTF-8" standalone="yes"?>
<addresses>
    <address>
        <country>Bulgaria</country>
        <city>Sofia</city>
        <street>Mladost</street>
    </address>
    <address>
        <country>Bulgaria</country>
        <city>Sofia</city>
        <street>Mladost</street>
    </address>
    <address>
        <country>Bulgaria</country>
        <city>Sofia</city>
        <street>Mladost</street>
    </address>
    <address>
        <country>Bulgaria</country>
        <city>Sofia</city>
        <street>Mladost</street>
    </address>
    <address>
        <country>Israel</country>
        <city>Vitleem</city>
        <street>Mladost</street>
    </address>
</addresses>
