[
  {
    "FirstName": "Adria",
    "LastName": "Mcquire",
    "CameraMake": "Pentax",
    "LensesCount": 1
  },
  {
    "FirstName": "Azucena",
    "LastName": "Stclaire",
    "CameraMake": "Nikon",
    "LensesCount": 5
  },
  {
    "FirstName": "Beverley",
    "LastName": "Kirby",
    "CameraMake": "Nikon",
    "LensesCount": 4
  },
  {
    "FirstName": "Carolee",
    "LastName": "Kuder",
    "CameraMake": "Canon",
    "LensesCount": 2
  },
  {
    "FirstName": "Cheri",
    "LastName": "Regina",
    "CameraMake": "Nikon",
    "LensesCount": 4
  },
  {
    "FirstName": "China",
    "LastName": "Horsey",
    "CameraMake": "Nikon",
    "LensesCount": 6
  },
  {
    "FirstName": "Cristopher",
    "LastName": "Brinkerhoff",
    "CameraMake": "Nikon",
    "LensesCount": 2
  },
  {
    "FirstName": "Dani",
    "LastName": "Vanness",
    "CameraMake": "Canon",
    "LensesCount": 4
  },
  {
    "FirstName": "Danny",
    "LastName": "Nethery",
    "CameraMake": "Pentax",
    "LensesCount": 3
  },
  {
    "FirstName": "Dante",
    "LastName": "Ketter",
    "CameraMake": "Pentax",
    "LensesCount": 1
  },
  {
    "FirstName": "Denisha",
    "LastName": "Gatton",
    "CameraMake": "Pentax",
    "LensesCount": 3
  },
  {
    "FirstName": "Federico",
    "LastName": "Arceo",
    "CameraMake": "Nikon",
    "LensesCount": 2
  },
  {
    "FirstName": "Freeda",
    "LastName": "Casimir",
    "CameraMake": "Nikon",
    "LensesCount": 4
  },
  {
    "FirstName": "Gena",
    "LastName": "Gering",
    "CameraMake": "Pentax",
    "LensesCount": 2
  },
  {
    "FirstName": "Heide",
    "LastName": "Plemmons",
    "CameraMake": "Pentax",
    "LensesCount": 2
  },
  {
    "FirstName": "Helena",
    "LastName": "Cahn",
    "CameraMake": "Nikon",
    "LensesCount": 9
  },
  {
    "FirstName": "Jay",
    "LastName": "Stanforth",
    "CameraMake": "Pentax",
    "LensesCount": 2
  },
  {
    "FirstName": "Joan",
    "LastName": "Fife",
    "CameraMake": "Nikon",
    "LensesCount": 6
  },
  {
    "FirstName": "Joshua",
    "LastName": "Nolley",
    "CameraMake": "Canon",
    "LensesCount": 1
  },
  {
    "FirstName": "Julie",
    "LastName": "Moss",
    "CameraMake": "Pentax",
    "LensesCount": 1
  },
  {
    "FirstName": "Keely",
    "LastName": "Futrell",
    "CameraMake": "Canon",
    "LensesCount": 2
  },
  {
    "FirstName": "Leontine",
    "LastName": "Breitenbach",
    "CameraMake": "Nikon",
    "LensesCount": 6
  },
  {
    "FirstName": "Leota",
    "LastName": "Eastep",
    "CameraMake": "Canon",
    "LensesCount": 3
  },
  {
    "FirstName": "Lucina",
    "LastName": "Jesse",
    "CameraMake": "Pentax",
    "LensesCount": 5
  },
  {
    "FirstName": "Meggan",
    "LastName": "Danzy",
    "CameraMake": "Pentax",
    "LensesCount": 2
  },
  {
    "FirstName": "Melodee",
    "LastName": "Shepler",
    "CameraMake": "Pentax",
    "LensesCount": 3
  },
  {
    "FirstName": "Ola",
    "LastName": "Straw",
    "CameraMake": "Nikon",
    "LensesCount": 3
  },
  {
    "FirstName": "Ralph",
    "LastName": "Rizer",
    "CameraMake": "Nikon",
    "LensesCount": 4
  },
  {
    "FirstName": "Rita",
    "LastName": "Bucklew",
    "CameraMake": "Canon",
    "LensesCount": 3
  },
  {
    "FirstName": "Romona",
    "LastName": "Kumm",
    "CameraMake": "Nikon",
    "LensesCount": 2
  },
  {
    "FirstName": "Rosalba",
    "LastName": "Hane",
    "CameraMake": "Canon",
    "LensesCount": 2
  },
  {
    "FirstName": "Shannon",
    "LastName": "Clendenin",
    "CameraMake": "Pentax",
    "LensesCount": 3
  },
  {
    "FirstName": "Sharee",
    "LastName": "Rothchild",
    "CameraMake": "Pentax",
    "LensesCount": 7
  },
  {
    "FirstName": "Talitha",
    "LastName": "Jong",
    "CameraMake": "Canon",
    "LensesCount": 2
  },
  {
    "FirstName": "Tifany",
    "LastName": "Stpeter",
    "CameraMake": "Nikon",
    "LensesCount": 2
  },
  {
    "FirstName": "Tu",
    "LastName": "Aslinger",
    "CameraMake": "Canon",
    "LensesCount": 5
  },
  {
    "FirstName": "Wendy",
    "LastName": "Ellwood",
    "CameraMake": "Pentax",
    "LensesCount": 1
  }
]