[
  {
    "FirstName": "Adria",
    "LastName": "Mcquire",
    "Phone": "+123/1234567890"
  },
  {
    "FirstName": "Aimee",
    "LastName": "Ochoa",
    "Phone": "+123/1234567890"
  },
  {
    "FirstName": "Alberto",
    "LastName": "Korda",
    "Phone": null
  },
  {
    "FirstName": "Alica",
    "LastName": "Lacher",
    "Phone": "+34/30339769"
  },
  {
    "FirstName": "Allyson",
    "LastName": "Gayman",
    "Phone": "+123/12347890"
  },
  {
    "FirstName": "Amparo",
    "LastName": "Goers",
    "Phone": "+34/445454544"
  },
  {
    "FirstName": "Annabelle",
    "LastName": "Nimmo",
    "Phone": "+123/123554890"
  },
  {
    "FirstName": "Antonetta",
    "LastName": "Gano",
    "Phone": "+123/1234567890"
  },
  {
    "FirstName": "Antonietta",
    "LastName": "Reza",
    "Phone": "+123/1234567890"
  },
  {
    "FirstName": "Aurora",
    "LastName": "Broadhurst",
    "Phone": "+123/1234567890"
  },
  {
    "FirstName": "Azucena",
    "LastName": "Stclaire",
    "Phone": "+123/1234567890"
  },
  {
    "FirstName": "Benjamin",
    "LastName": "Lindblad",
    "Phone": "+123/1234567890"
  },
  {
    "FirstName": "Betsey",
    "LastName": "Oconner",
    "Phone": "+123/12347890"
  },
  {
    "FirstName": "Beula",
    "LastName": "Zendejas",
    "Phone": "+123/1234567890"
  },
  {
    "FirstName": "Beverley",
    "LastName": "Kirby",
    "Phone": "+123/1234567890"
  },
  {
    "FirstName": "Bong",
    "LastName": "Mungin",
    "Phone": "+44/62124684"
  },
  {
    "FirstName": "Bunny",
    "LastName": "Nolan",
    "Phone": "+44/90645070"
  },
  {
    "FirstName": "Camaru",
    "LastName": "Kolya",
    "Phone": "+44/90645070"
  },
  {
    "FirstName": "Carolee",
    "LastName": "Kuder",
    "Phone": "+123/123485590"
  },
  {
    "FirstName": "Cheri",
    "LastName": "Regina",
    "Phone": "+123/1234567890"
  },
  {
    "FirstName": "China",
    "LastName": "Horsey",
    "Phone": "+123/1234567890"
  },
  {
    "FirstName": "Cristopher",
    "LastName": "Brinkerhoff",
    "Phone": "+123/1234567890"
  },
  {
    "FirstName": "Dani",
    "LastName": "Vanness",
    "Phone": "+123/12367890"
  },
  {
    "FirstName": "Danny",
    "LastName": "Nethery",
    "Phone": "+123/12347890"
  },
  {
    "FirstName": "Dante",
    "LastName": "Ketter",
    "Phone": "+123/126755890"
  },
  {
    "FirstName": "Deetta",
    "LastName": "Beausoleil",
    "Phone": "+123/1234567890"
  },
  {
    "FirstName": "Delorse",
    "LastName": "Bunge",
    "Phone": "+44/90645070"
  },
  {
    "FirstName": "Delta",
    "LastName": "Tiano",
    "Phone": "+44/90645070"
  },
  {
    "FirstName": "Denisha",
    "LastName": "Gatton",
    "Phone": "+123/1234567890"
  },
  {
    "FirstName": "Dinah",
    "LastName": "Mckenney",
    "Phone": "+123/123456567"
  },
  {
    "FirstName": "Federico",
    "LastName": "Arceo",
    "Phone": "+123/1234567890"
  },
  {
    "FirstName": "Fidel",
    "LastName": "Sato",
    "Phone": "+123/12367890"
  },
  {
    "FirstName": "Freeda",
    "LastName": "Casimir",
    "Phone": "+123/126722890"
  },
  {
    "FirstName": "Freeman",
    "LastName": "Dalby",
    "Phone": "+123/1234567890"
  },
  {
    "FirstName": "Gaston",
    "LastName": "Mclees",
    "Phone": "+123/1234567890"
  },
  {
    "FirstName": "Gena",
    "LastName": "Gering",
    "Phone": "+123/1234567890"
  },
  {
    "FirstName": "Harley",
    "LastName": "Gerardo",
    "Phone": "+123/1234567890"
  },
  {
    "FirstName": "Heide",
    "LastName": "Plemmons",
    "Phone": "+123/1234567890"
  },
  {
    "FirstName": "Helena",
    "LastName": "Cahn",
    "Phone": "+123/1234567890"
  },
  {
    "FirstName": "Hungo",
    "LastName": "Poter",
    "Phone": "+44/90645070"
  },
  {
    "FirstName": "Jamie",
    "LastName": "Mauger",
    "Phone": "+123/1234567890"
  },
  {
    "FirstName": "Jared",
    "LastName": "Polin",
    "Phone": "+1/12345678"
  },
  {
    "FirstName": "Jasmin",
    "LastName": "Padua",
    "Phone": "+123/123890"
  },
  {
    "FirstName": "Jay",
    "LastName": "Stanforth",
    "Phone": "+123/1234567890"
  },
  {
    "FirstName": "Jenna",
    "LastName": "Baize",
    "Phone": "+123/1234567890"
  },
  {
    "FirstName": "Jin",
    "LastName": "Nevitt",
    "Phone": "+123/123890"
  },
  {
    "FirstName": "Joan",
    "LastName": "Fife",
    "Phone": "+123/1234567890"
  },
  {
    "FirstName": "Joane",
    "LastName": "Claflin",
    "Phone": "+123/12347890"
  },
  {
    "FirstName": "Johnathan",
    "LastName": "Vazguez",
    "Phone": "+123/12345677"
  },
  {
    "FirstName": "Joshua",
    "LastName": "Nolley",
    "Phone": "+123/12367890"
  },
  {
    "FirstName": "Julie",
    "LastName": "Moss",
    "Phone": "+12459/123673215"
  },
  {
    "FirstName": "Keely",
    "LastName": "Futrell",
    "Phone": "+123/1234567890"
  },
  {
    "FirstName": "Kirstin",
    "LastName": "Whidbee",
    "Phone": "+123/1234567890"
  },
  {
    "FirstName": "Krystin",
    "LastName": "Lindstedt",
    "Phone": "+123/1234567890"
  },
  {
    "FirstName": "Lajuana",
    "LastName": "Mcclean",
    "Phone": "+123/1234567890"
  },
  {
    "FirstName": "Leon",
    "LastName": "Recio",
    "Phone": "+44/90645070"
  },
  {
    "FirstName": "Leontine",
    "LastName": "Breitenbach",
    "Phone": "+123/1234567890"
  },
  {
    "FirstName": "Leota",
    "LastName": "Eastep",
    "Phone": "+123/1234567890"
  },
  {
    "FirstName": "Luciano",
    "LastName": "Brisker",
    "Phone": "+123/1234567890"
  },
  {
    "FirstName": "Lucina",
    "LastName": "Jesse",
    "Phone": "+123/1234567890"
  },
  {
    "FirstName": "Lyle",
    "LastName": "Longworth",
    "Phone": "+44/90645070"
  },
  {
    "FirstName": "Margarita",
    "LastName": "Sollers",
    "Phone": "+123/1234567890"
  },
  {
    "FirstName": "Mckenzie",
    "LastName": "Monteiro",
    "Phone": "+123/1234567890"
  },
  {
    "FirstName": "Meggan",
    "LastName": "Danzy",
    "Phone": "+123/12367890"
  },
  {
    "FirstName": "Melodee",
    "LastName": "Shepler",
    "Phone": "+123/1234567890"
  },
  {
    "FirstName": "Mirna",
    "LastName": "Loring",
    "Phone": "+123/123890"
  },
  {
    "FirstName": "Nam",
    "LastName": "Dinkins",
    "Phone": "+123/1234567890"
  },
  {
    "FirstName": "Odis",
    "LastName": "Borne",
    "Phone": "+44/90645070"
  },
  {
    "FirstName": "Ola",
    "LastName": "Straw",
    "Phone": "+123/123456789"
  },
  {
    "FirstName": "Oma",
    "LastName": "Wechsler",
    "Phone": "+123/1234567890"
  },
  {
    "FirstName": "Opal",
    "LastName": "Blue",
    "Phone": "+123/1234567890"
  },
  {
    "FirstName": "Ralph",
    "LastName": "Rizer",
    "Phone": "+123/1234567890"
  },
  {
    "FirstName": "Reto",
    "LastName": "Kol",
    "Phone": "+44/9035070"
  },
  {
    "FirstName": "Rita",
    "LastName": "Bucklew",
    "Phone": "+123/1234567890"
  },
  {
    "FirstName": "Romona",
    "LastName": "Kumm",
    "Phone": "+123/1234567890"
  },
  {
    "FirstName": "Romona",
    "LastName": "Griffin",
    "Phone": "+123/1234567890"
  },
  {
    "FirstName": "Rosalba",
    "LastName": "Hane",
    "Phone": "+12/122267890"
  },
  {
    "FirstName": "Rosalie",
    "LastName": "Ragsdale",
    "Phone": "+123/1234567890"
  },
  {
    "FirstName": "Samuel",
    "LastName": "Fosso",
    "Phone": "+33/12365673"
  },
  {
    "FirstName": "Shannon",
    "LastName": "Clendenin",
    "Phone": "+123/1234567890"
  },
  {
    "FirstName": "Sharee",
    "LastName": "Rothchild",
    "Phone": "+123/1234567890"
  },
  {
    "FirstName": "Shiloh",
    "LastName": "Heckert",
    "Phone": "+123/1234567890"
  },
  {
    "FirstName": "Shon",
    "LastName": "Bjerke",
    "Phone": "+123/1234567890"
  },
  {
    "FirstName": "Stephaine",
    "LastName": "Smidt",
    "Phone": "+123/12367890"
  },
  {
    "FirstName": "Stephnie",
    "LastName": "Arciniega",
    "Phone": "+123/1234567890"
  },
  {
    "FirstName": "Talitha",
    "LastName": "Jong",
    "Phone": "+123/1234567890"
  },
  {
    "FirstName": "Tashia",
    "LastName": "Lunsford",
    "Phone": "+123/123456799"
  },
  {
    "FirstName": "Tifany",
    "LastName": "Stpeter",
    "Phone": "13/123485590"
  },
  {
    "FirstName": "Tu",
    "LastName": "Aslinger",
    "Phone": "+123/1234567890"
  },
  {
    "FirstName": "Turla",
    "LastName": "Cowger",
    "Phone": "+44/90645070"
  },
  {
    "FirstName": "Valery",
    "LastName": "Pickens",
    "Phone": "+123/1234567890"
  },
  {
    "FirstName": "Wendy",
    "LastName": "Ellwood",
    "Phone": "+123/1234567890"
  },
  {
    "FirstName": "Wilfredo",
    "LastName": "Finnegan",
    "Phone": "+123/12347890"
  },
  {
    "FirstName": "Yan",
    "LastName": "Greenidge",
    "Phone": "+44/90645070"
  },
  {
    "FirstName": "Zhang",
    "LastName": "Xiao",
    "Phone": "+44/90645070"
  }
]