[
  {
    "id": 1,
    "firstName": "Ivan",
    "lastName": "Georgiev",
    "addressImportDto": {
      "country": "Bulgaria",
      "city": "Sofia",
      "street": "Sofia"
    },
    "phoneJsonDtos": [
      {
        "number": "54262152",
        "personId": 1
      }
    ]
  },
  {
    "id": 2,
    "firstName": "Ssvilen",
    "lastName": "Georgiev",
    "addressImportDto": {
      "country": "Bulgaria",
      "city": "Sofia",
      "street": "Sofia"
    },
    "phoneJsonDtos": [
      {
        "number": "54262152",
        "personId": 2
      }
    ]
  },
  {
    "id": 3,
    "firstName": "Milcho",
    "lastName": "Georgiev",
    "addressImportDto": {
      "country": "Bulgaria",
      "city": "Sofia",
      "street": "Sofia"
    },
    "phoneJsonDtos": [
      {
        "number": "54262152",
        "personId": 3
      }
    ]
  }
]