<?xml version="1.0" encoding="UTF-8" standalone="yes"?>
<photographers>
    <photographer name="Zhang Xiao" primary-camera="Fuji X100"/>
    <photographer name="Amparo Goers" primary-camera="Nikon D200"/>
    <photographer name="Alica Lacher" primary-camera="Nikon D600"/>
    <photographer name="Joshua Nolley" primary-camera="Canon 550D">
        <lenses>
            <lens>Canon 24mm f3.50</lens>
        </lenses>
    </photographer>
    <photographer name="Dante Ketter" primary-camera="Pentax K-3">
        <lenses>
            <lens>Tokina 20mm f2.00</lens>
        </lenses>
    </photographer>
    <photographer name="Mckenzie Monteiro" primary-camera="Fuji XE2s">
        <lenses>
            <lens>Tamron 30mm f1.80</lens>
        </lenses>
    </photographer>
    <photographer name="Jin Nevitt" primary-camera="Pentax K-3 II"/>
    <photographer name="Beula Zendejas" primary-camera="Canon 600D"/>
    <photographer name="Fidel Sato" primary-camera="Fuji X20"/>
    <photographer name="Talitha Jong" primary-camera="Canon 100D">
        <lenses>
            <lens>Tokina 14mm f2.00</lens>
            <lens>Tokina 14mm f2.00</lens>
        </lenses>
    </photographer>
    <photographer name="Danny Nethery" primary-camera="Pentax K-r">
        <lenses>
            <lens>Pentax 350mm f4.00</lens>
            <lens>Pentax 135mm f2.80</lens>
            <lens>Sigma 20mm f2.00</lens>
        </lenses>
    </photographer>
    <photographer name="Joane Claflin" primary-camera="Fuji X10"/>
    <photographer name="Aurora Broadhurst" primary-camera="Sony A300">
        <lenses>
            <lens>Tamron 28mm f2.80</lens>
        </lenses>
    </photographer>
    <photographer name="Adria Mcquire" primary-camera="Pentax K200D">
        <lenses>
            <lens>Pentax 27mm f2.80</lens>
        </lenses>
    </photographer>
    <photographer name="Cristopher Brinkerhoff" primary-camera="Nikon D600">
        <lenses>
            <lens>Sigma 40mm f2.40</lens>
            <lens>Sigma 15mm f2.40</lens>
        </lenses>
    </photographer>
    <photographer name="Wendy Ellwood" primary-camera="Pentax K110D">
        <lenses>
            <lens>Pentax 24mm f2.80</lens>
        </lenses>
    </photographer>
    <photographer name="Shon Bjerke" primary-camera="Fuji X70">
        <lenses>
            <lens>Tamron 24mm f1.80</lens>
        </lenses>
    </photographer>
    <photographer name="Keely Futrell" primary-camera="Canon 550D">
        <lenses>
            <lens>Canon 50mm f1.80</lens>
            <lens>Canon 12mm f3.50</lens>
        </lenses>
    </photographer>
    <photographer name="Leota Eastep" primary-camera="Canon 70D">
        <lenses>
            <lens>Canon 18mm f3.50</lens>
            <lens>Sigma 18mm f4.00</lens>
            <lens>Tokina 15mm f2.00</lens>
        </lenses>
    </photographer>
    <photographer name="Margarita Sollers" primary-camera="Fuji XT10"/>
</photographers>
