<?xml version="1.0" encoding="UTF-8" standalone="yes"?>
<locations>
    <location name="South America">
        <workshop name="Epic Galapagos Photography Expedition" total-profit="26548.800">
            <participants count="6">
                <participant>Cheri Regina</participant>
                <participant>Antonietta Reza</participant>
                <participant>Joane Claflin</participant>
                <participant>Aurora Broadhurst</participant>
                <participant>Allyson Gayman</participant>
                <participant>Betsey Oconner</participant>
            </participants>
        </workshop>
        <workshop name="Galapagos Photo Expedition" total-profit="318340.800">
            <participants count="6">
                <participant>Dinah Mckenney</participant>
                <participant>Ola Straw</participant>
                <participant>Adria Mcquire</participant>
                <participant>Johnathan Vazguez</participant>
                <participant>Rita Bucklew</participant>
                <participant>Tashia Lunsford</participant>
            </participants>
        </workshop>
        <workshop name="Reefs and Ruins: Belize to Tikal, Guatemala" total-profit="1108.800">
            <participants count="6">
                <participant>Shon Bjerke</participant>
                <participant>Sharee Rothchild</participant>
                <participant>Keely Futrell</participant>
                <participant>Nam Dinkins</participant>
                <participant>Cristopher Brinkerhoff</participant>
                <participant>Kirstin Whidbee</participant>
            </participants>
        </workshop>
    </location>
    <location name="Cuba">
        <workshop name="Cuba by Land and Sea: Cultural Heritage and Natural Wonders" total-profit="3902.400">
            <participants count="9">
                <participant>Margarita Sollers</participant>
                <participant>Heide Plemmons</participant>
                <participant>Lucina Jesse</participant>
                <participant>Gena Gering</participant>
                <participant>Romona Kumm</participant>
                <participant>Shannon Clendenin</participant>
                <participant>Leota Eastep</participant>
                <participant>Federico Arceo</participant>
                <participant>Beverley Kirby</participant>
            </participants>
        </workshop>
    </location>
    <location name="Asia">
        <workshop name="Trans-Siberian Rail Odyssey" total-profit="115200.000">
            <participants count="8">
                <participant>Luciano Brisker</participant>
                <participant>Talitha Jong</participant>
                <participant>Gena Gering</participant>
                <participant>Leontine Breitenbach</participant>
                <participant>Wilfredo Finnegan</participant>
                <participant>Denisha Gatton</participant>
                <participant>Tu Aslinger</participant>
                <participant>Joan Fife</participant>
            </participants>
        </workshop>
        <workshop name="India by Rail Photography Expedition" total-profit="35552.000">
            <participants count="8">
                <participant>Margarita Sollers</participant>
                <participant>Deetta Beausoleil</participant>
                <participant>Leota Eastep</participant>
                <participant>Benjamin Lindblad</participant>
                <participant>Meggan Danzy</participant>
                <participant>Opal Blue</participant>
                <participant>Beverley Kirby</participant>
                <participant>Helena Cahn</participant>
            </participants>
        </workshop>
        <workshop name="China Photography Expedition" total-profit="30748.000">
            <participants count="5">
                <participant>Talitha Jong</participant>
                <participant>Fidel Sato</participant>
                <participant>Azucena Stclaire</participant>
                <participant>Dani Vanness</participant>
                <participant>Tu Aslinger</participant>
            </participants>
        </workshop>
        <workshop name="Winter in Japan Photography Expedition" total-profit="23349.600">
            <participants count="9">
                <participant>Romona Griffin</participant>
                <participant>Valery Pickens</participant>
                <participant>Cheri Regina</participant>
                <participant>Dinah Mckenney</participant>
                <participant>Ola Straw</participant>
                <participant>Adria Mcquire</participant>
                <participant>Johnathan Vazguez</participant>
                <participant>Rita Bucklew</participant>
                <participant>Tashia Lunsford</participant>
            </participants>
        </workshop>
        <workshop name="Vietnam and Cambodia: Along the Mekong River" total-profit="1540.800">
            <participants count="6">
                <participant>Romona Griffin</participant>
                <participant>Luciano Brisker</participant>
                <participant>Valery Pickens</participant>
                <participant>Leontine Breitenbach</participant>
                <participant>Denisha Gatton</participant>
                <participant>Joan Fife</participant>
            </participants>
        </workshop>
    </location>
    <location name="North Pole">
        <workshop name="Land of the Polar Bears" total-profit="590.400">
            <participants count="6">
                <participant>Margarita Sollers</participant>
                <participant>Gena Gering</participant>
                <participant>Romona Kumm</participant>
                <participant>Leota Eastep</participant>
                <participant>Benjamin Lindblad</participant>
                <participant>Beverley Kirby</participant>
            </participants>
        </workshop>
        <workshop name="Svalbard, Iceland, and Greenland's East Coast" total-profit="24203.200">
            <participants count="7">
                <participant>Oma Wechsler</participant>
                <participant>Beula Zendejas</participant>
                <participant>Ralph Rizer</participant>
                <participant>Jay Stanforth</participant>
                <participant>Fidel Sato</participant>
                <participant>Rosalie Ragsdale</participant>
                <participant>Harley Gerardo</participant>
            </participants>
        </workshop>
        <workshop name="Epic 80N" total-profit="85920.000">
            <participants count="6">
                <participant>Romona Griffin</participant>
                <participant>Luciano Brisker</participant>
                <participant>Valery Pickens</participant>
                <participant>Dinah Mckenney</participant>
                <participant>Adria Mcquire</participant>
                <participant>Rita Bucklew</participant>
            </participants>
        </workshop>
        <workshop name="Exploring Greenland and the Canadian High Arctic" total-profit="1651.200">
            <participants count="6">
                <participant>Shon Bjerke</participant>
                <participant>Gena Gering</participant>
                <participant>Sharee Rothchild</participant>
                <participant>Keely Futrell</participant>
                <participant>Denisha Gatton</participant>
                <participant>Kirstin Whidbee</participant>
            </participants>
        </workshop>
    </location>
    <location name="Europe">
        <workshop name="Norway's Trains and Fjords" total-profit="2240.000">
            <participants count="7">
                <participant>Romona Griffin</participant>
                <participant>Cheri Regina</participant>
                <participant>Antonietta Reza</participant>
                <participant>Adria Mcquire</participant>
                <participant>Johnathan Vazguez</participant>
                <participant>Rita Bucklew</participant>
                <participant>Tashia Lunsford</participant>
            </participants>
        </workshop>
        <workshop name="Nordic Passages: Shetlands, Orkneys, Faroes, and Iceland" total-profit="1593.600">
            <participants count="6">
                <participant>Aimee Ochoa</participant>
                <participant>Heide Plemmons</participant>
                <participant>Lucina Jesse</participant>
                <participant>China Horsey</participant>
                <participant>Shannon Clendenin</participant>
                <participant>Federico Arceo</participant>
            </participants>
        </workshop>
        <workshop name="Norway's Fjords and Arctic Svalbard" total-profit="2246.400">
            <participants count="9">
                <participant>Melodee Shepler</participant>
                <participant>Antonietta Reza</participant>
                <participant>Deetta Beausoleil</participant>
                <participant>Meggan Danzy</participant>
                <participant>Opal Blue</participant>
                <participant>Stephaine Smidt</participant>
                <participant>Stephnie Arciniega</participant>
                <participant>Joshua Nolley</participant>
                <participant>Jamie Mauger</participant>
            </participants>
        </workshop>
        <workshop name="Greek Isles" total-profit="2979.200">
            <participants count="7">
                <participant>Jenna Baize</participant>
                <participant>Gaston Mclees</participant>
                <participant>Dante Ketter</participant>
                <participant>Lajuana Mcclean</participant>
                <participant>Rosalba Hane</participant>
                <participant>Freeda Casimir</participant>
                <participant>Carolee Kuder</participant>
            </participants>
        </workshop>
        <workshop name="Scotland's Highlands and Islands" total-profit="3235.200">
            <participants count="6">
                <participant>Antonietta Reza</participant>
                <participant>Freeman Dalby</participant>
                <participant>Krystin Lindstedt</participant>
                <participant>Annabelle Nimmo</participant>
                <participant>Shiloh Heckert</participant>
                <participant>Mckenzie Monteiro</participant>
            </participants>
        </workshop>
        <workshop name="Scandinavia by Sea: Denmark, Sweden, and Norway" total-profit="244.800">
            <participants count="9">
                <participant>Talitha Jong</participant>
                <participant>Joane Claflin</participant>
                <participant>Azucena Stclaire</participant>
                <participant>Wilfredo Finnegan</participant>
                <participant>Danny Nethery</participant>
                <participant>Dani Vanness</participant>
                <participant>Tu Aslinger</participant>
                <participant>Allyson Gayman</participant>
                <participant>Betsey Oconner</participant>
            </participants>
        </workshop>
    </location>
    <location name="Sofia">
        <workshop name="Street Photography" total-profit="280.000">
            <participants count="5">
                <participant>Leon Recio</participant>
                <participant>Alica Lacher</participant>
                <participant>Amparo Goers</participant>
                <participant>Lyle Longworth</participant>
                <participant>Bunny Nolan</participant>
            </participants>
        </workshop>
    </location>
    <location name="Africa">
        <workshop name="Morocco Photography Expedition" total-profit="31341.600">
            <participants count="9">
                <participant>Oma Wechsler</participant>
                <participant>Beula Zendejas</participant>
                <participant>Ralph Rizer</participant>
                <participant>Jay Stanforth</participant>
                <participant>Freeman Dalby</participant>
                <participant>Krystin Lindstedt</participant>
                <participant>Shiloh Heckert</participant>
                <participant>Rosalie Ragsdale</participant>
                <participant>Harley Gerardo</participant>
            </participants>
        </workshop>
    </location>
    <location name="Caribbean">
        <workshop name="Advanced Photography and Lighting Workshop: Saint Lucia" total-profit="30979.200">
            <participants count="6">
                <participant>Shon Bjerke</participant>
                <participant>Sharee Rothchild</participant>
                <participant>Keely Futrell</participant>
                <participant>Nam Dinkins</participant>
                <participant>Cristopher Brinkerhoff</participant>
                <participant>Kirstin Whidbee</participant>
            </participants>
        </workshop>
    </location>
    <location name="North America">
        <workshop name="Canadian Rockies by Rail and Trail" total-profit="20697.600">
            <participants count="6">
                <participant>Melodee Shepler</participant>
                <participant>Gaston Mclees</participant>
                <participant>Dante Ketter</participant>
                <participant>Lajuana Mcclean</participant>
                <participant>Rosalba Hane</participant>
                <participant>Freeda Casimir</participant>
            </participants>
        </workshop>
        <workshop name="San Francisco Weekend Photo Workshop" total-profit="1108.800">
            <participants count="6">
                <participant>Melodee Shepler</participant>
                <participant>Gaston Mclees</participant>
                <participant>Dante Ketter</participant>
                <participant>Rosalba Hane</participant>
                <participant>Stephnie Arciniega</participant>
                <participant>Freeda Casimir</participant>
            </participants>
        </workshop>
        <workshop name="Weekend Photo Workshop: Austin" total-profit="110.400">
            <participants count="6">
                <participant>Jenna Baize</participant>
                <participant>Lajuana Mcclean</participant>
                <participant>Freeman Dalby</participant>
                <participant>Annabelle Nimmo</participant>
                <participant>Mckenzie Monteiro</participant>
                <participant>Carolee Kuder</participant>
            </participants>
        </workshop>
        <workshop name="Winter in Yellowstone Photography Expedition" total-profit="1166.400">
            <participants count="6">
                <participant>Beula Zendejas</participant>
                <participant>Rosalie Ragsdale</participant>
                <participant>Opal Blue</participant>
                <participant>Harley Gerardo</participant>
                <participant>Freeda Casimir</participant>
                <participant>Jamie Mauger</participant>
            </participants>
        </workshop>
        <workshop name="Alaska Family Voyage" total-profit="5769.600">
            <participants count="6">
                <participant>Cheri Regina</participant>
                <participant>Antonietta Reza</participant>
                <participant>Ola Straw</participant>
                <participant>Johnathan Vazguez</participant>
                <participant>Aurora Broadhurst</participant>
                <participant>Tashia Lunsford</participant>
            </participants>
        </workshop>
    </location>
</locations>
